descrsR1	bestVHit	bestDHit	bestJHit	aaSeqCDR3
SRR4026019:::145:0:0:0:;0.987914	IGHV3S1*01	IGHD2-13*01	IGHJ4*01	CASWGGDHPWDYW
SRR4026019:::24:0:0:0:;0.683585	IGHV5-17*01	IGHD2-4*01	IGHJ2*01	CATKAPLVPAAMIWYYFDYW
SRR4026019:::22:0:0:0:;0.657972	IGHV14-2*02	IGHD1-1*02	IGHJ1*01	CARHCGGSCRDAFDIW
SRR4026019:::8:0:0:0:;0.696880	IGHV3-1*02	IGHD6-1*01	IGHJ4*01	CAREWATTFDYW
SRR4026019:::195:0:0:0:;0.604664	IGHV5-17*01	IGHD1-1*01	IGHJ1*01	CAREGKPYYDGMDVW
SRR4026019:::204:0:0:0:;0.996711	IGHV5-6-5*01	IGHD2-2*01	IGHJ1*01	
SRR4026019:::211:0:0:0:;0.987438	IGHV5-6-5*01	IGHD1-2*01	IGHJ1*01	CANSGRVDVAVAGTGLGVFDVW
SRR4026019:::218:0:0:0:;0.977793	IGHV5-17*01	IGHD4-1*01	IGHJ2*01	CARGTWILTAKILYYFDYW
SRR4026019:::40:0:0:0:;0.625474	IGHV1-74*01	IGHD1-1*01	IGHJ1*01	CARAGSGFLEWFQSPYYYYGMDVW
SRR4026019:::148:0:0:0:;0.915089	IGHV5-9*04	IGHD1-1*02	IGHJ1*01	CAKVRPITMVRGGSHPW
SRR4026019:::153:0:0:0:;0.997264	IGHV3-5*02	IGHD3-3*01	IGHJ4*01	CATTSPGGIQPDYW
SRR4026019:::154:0:0:0:;0.994180	IGHV5-17*01	IGHD6-2*01	IGHJ2*01	CARGRRYFDYW
SRR4026019:::158:0:0:0:;0.981506	IGHV1-63*01	IGHD3-1*01	IGHJ4*01	
SRR4026019:::182:0:0:0:;0.986976	IGHV1-63*01	IGHD2-3*01	IGHJ2*01	CARPVGEMATAYFDYW
SRR4026019:::217:0:0:0:;0.989157	IGHV10-1*02	IGHD1-1*02	IGHJ1*01	CTRPFLYCSGGSCYGMDVW
SRR4026019:::206:0:0:0:;0.723318	IGHV5-6-3*01	IGHD2-3*01	IGHJ4*01	CAKDNHGYSYGRLDYW
SRR4026019:::196:0:0:0:;0.996905	IGHV1-72*04	IGHD1-3*01	IGHJ3*01	CARVPFSSSLRPAMGAFDIW
SRR4026019:::193:0:0:0:;0.944302	IGHV5-17*01	IGHD1-1*01	IGHJ2*01	CARDRCSSTSCPTNYFDYW
SRR4026019:::183:0:0:0:;0.941771	IGHV3S1*01	IGHD2-13*01	IGHJ1*01	CARGEVVPAAMVSFGWNRRLTGMDVW
SRR4026019:::87:0:0:0:;0.768804	IGHV5-17*01	IGHD6-1*01	IGHJ2*01	CAKGYSSGWSYFDYW
SRR4026019:::83:0:0:0:;0.975538	IGHV9-4*02	IGHD3-3*01	IGHJ1*01	
SRR4026019:::92:0:0:0:;0.922410	IGHV1-79*01	IGHD1-1*01	IGHJ1*01	CARGGGDIVIVPAAKYYYYAMDVW
SRR4026019:::109:0:0:0:;0.997271	IGHV5-9-1*01	IGHD1-1*01	IGHJ1*03	CCSYAGSSTFTVF
SRR4026019:::111:0:0:0:;0.996557	IGHV1-60*01	IGHD3-2*01	IGHJ1*03	CQSADSSGTYVF
SRR4026019:::119:0:0:0:;0.929077	IGHV5-17*01	IGHD5-2*01	IGHJ2*01	CARNTPHMGFDYW
SRR4026019:::126:0:0:0:;0.997448	IGHV5-17*01	IGHD6-1*01	IGHJ2*01	CAKGYSSGWSYFDYW
