position,mute_freq,lo_err,hi_err,A,A_obs,A_lo_err,A_hi_err,C,C_obs,C_lo_err,C_hi_err,G,G_obs,G_lo_err,G_hi_err,T,T_obs,T_lo_err,T_hi_err
17,0.0,0.0,0.420398101924,0.0,0,0.0,0.420398101924,0.0,0,0.0,0.420398101924,1.0,3,0.75983568565159254,1.0,0.0,0,0.0,0.420398101924
18,0.0,0.0,0.420398101924,0.0,0,0.0,0.420398101924,0.0,0,0.0,0.420398101924,0.0,0,0.0,0.420398101924,1.0,3,0.75983568565159254,1.0
19,0.0,0.0,0.420398101924,1.0,3,0.75983568565159254,1.0,0.0,0,0.0,0.420398101924,0.0,0,0.0,0.420398101924,0.0,0,0.0,0.420398101924
20,0.0,0.0,0.420398101924,0.0,0,0.0,0.420398101924,0.0,0,0.0,0.420398101924,1.0,3,0.75983568565159254,1.0,0.0,0,0.0,0.420398101924
21,0.0,0.0,0.420398101924,0.0,0,0.0,0.420398101924,1.0,3,0.75983568565159254,1.0,0.0,0,0.0,0.420398101924,0.0,0,0.0,0.420398101924
22,0.0,0.0,0.420398101924,0.0,0,0.0,0.420398101924,0.0,0,0.0,0.420398101924,0.0,0,0.0,0.420398101924,1.0,3,0.75983568565159254,1.0
23,0.0,0.0,0.420398101924,0.0,0,0.0,0.420398101924,0.0,0,0.0,0.420398101924,1.0,3,0.75983568565159254,1.0,0.0,0,0.0,0.420398101924
24,0.0,0.0,0.420398101924,0.0,0,0.0,0.420398101924,1.0,3,0.75983568565159254,1.0,0.0,0,0.0,0.420398101924,0.0,0,0.0,0.420398101924
25,0.0,0.0,0.420398101924,0.0,0,0.0,0.420398101924,0.0,0,0.0,0.420398101924,0.0,0,0.0,0.420398101924,1.0,3,0.75983568565159254,1.0
26,0.6666666666666666,0.388914655608,0.809312757532,0.3333333333333333,1,0.190687242468,0.611085344392,0.0,0,0.0,0.420398101924,0.6666666666666666,2,0.388914655608,0.809312757532,0.0,0,0.0,0.420398101924
27,0.0,0.0,0.481701970511,0.0,0,0.0,0.481701970511,1.0,2,0.69336127435063477,1.0,0.0,0,0.0,0.481701970511,0.0,0,0.0,0.481701970511
28,0.0,0.0,0.481701970511,0.0,0,0.0,0.481701970511,0.0,0,0.0,0.481701970511,0.0,0,0.0,0.481701970511,1.0,2,0.69336127435063477,1.0
