position,mute_freq,lo_err,hi_err,A,A_obs,A_lo_err,A_hi_err,C,C_obs,C_lo_err,C_hi_err,G,G_obs,G_lo_err,G_hi_err,T,T_obs,T_lo_err,T_hi_err
4,0.0,0.0,0.504622638711,0.0,0,0.0,0.504622638711,0.0,0,0.0,0.504622638711,0.0,0,0.0,0.504622638711,1.0,1,0.57735026918962584,1.0
5,0.0,0.0,0.504622638711,1.0,1,0.57735026918962584,1.0,0.0,0,0.0,0.504622638711,0.0,0,0.0,0.504622638711,0.0,0,0.0,0.504622638711
6,0.0,0.0,0.420398101924,0.0,0,0.0,0.420398101924,0.0,0,0.0,0.420398101924,1.0,3,0.75983568565159254,1.0,0.0,0,0.0,0.420398101924
7,0.0,0.0,0.366245292544,0.0,0,0.0,0.366245292544,0.0,0,0.0,0.366245292544,0.0,0,0.0,0.366245292544,1.0,4,0.8027415617602307,1.0
8,0.5,0.302697192281,0.697302807719,0.0,0,0.0,0.366245292544,0.0,0,0.0,0.366245292544,0.5,2,0.302697192281,0.697302807719,0.5,2,0.302697192281,0.697302807719
9,0.25,0.151016997133,0.517262289677,0.0,0,0.0,0.366245292544,0.0,0,0.0,0.366245292544,0.75,3,0.482737710323,0.848983002867,0.25,1,0.151016997133,0.517262289677
10,0.0,0.0,0.366245292544,0.0,0,0.0,0.366245292544,0.0,0,0.0,0.366245292544,1.0,4,0.8027415617602307,1.0,0.0,0,0.0,0.366245292544
11,0.25,0.151016997133,0.517262289677,0.75,3,0.482737710323,0.848983002867,0.0,0,0.0,0.366245292544,0.0,0,0.0,0.366245292544,0.25,1,0.151016997133,0.517262289677
12,0.25,0.151016997133,0.517262289677,0.0,0,0.0,0.366245292544,0.25,1,0.151016997133,0.517262289677,0.75,3,0.482737710323,0.848983002867,0.0,0,0.0,0.366245292544
13,0.25,0.151016997133,0.517262289677,0.0,0,0.0,0.366245292544,0.75,3,0.482737710323,0.848983002867,0.0,0,0.0,0.366245292544,0.25,1,0.151016997133,0.517262289677
14,0.0,0.0,0.366245292544,0.0,0,0.0,0.366245292544,0.0,0,0.0,0.366245292544,0.0,0,0.0,0.366245292544,1.0,4,0.8027415617602307,1.0
15,0.5,0.302697192281,0.697302807719,0.5,2,0.302697192281,0.697302807719,0.0,0,0.0,0.366245292544,0.5,2,0.302697192281,0.697302807719,0.0,0,0.0,0.366245292544
16,0.0,0.0,0.366245292544,0.0,0,0.0,0.366245292544,1.0,4,0.8027415617602307,1.0,0.0,0,0.0,0.366245292544,0.0,0,0.0,0.366245292544
17,0.5,0.302697192281,0.697302807719,0.0,0,0.0,0.366245292544,0.25,1,0.151016997133,0.517262289677,0.25,1,0.151016997133,0.517262289677,0.5,2,0.302697192281,0.697302807719
18,0.5,0.302697192281,0.697302807719,0.5,2,0.302697192281,0.697302807719,0.25,1,0.151016997133,0.517262289677,0.0,0,0.0,0.366245292544,0.25,1,0.151016997133,0.517262289677
19,0.0,0.0,0.366245292544,0.0,0,0.0,0.366245292544,1.0,4,0.8027415617602307,1.0,0.0,0,0.0,0.366245292544,0.0,0,0.0,0.366245292544
